variant,brown_delta_pct,carbon_delta_pct,makespan_delta_pct
NoCluster,0.8223186680846426,0.650661177973117,-6.26999569984819
NoResched,0.0,0.0,0.0
NoBrown,10.66960517397991,8.366555965646803,-41.124151849839215
NoCluster+NoBrown,10.505517245282874,8.20473323791872,-42.37709423377698
