variant,brown_delta_pct,carbon_delta_pct,makespan_delta_pct
NoCluster,0.058350745716121526,0.05387292685578519,-0.24421137426304693
NoResched,0.0,0.0,0.0
NoBrown,9.645179759032459,7.065922984626671,-33.87500829060494
NoCluster+NoBrown,9.640737875325662,7.0752402083234305,-33.89975683479989
