family,workflow,instance,instance_scale_tag,scheduler,budget_tag,n_points_mean,n_points_std,HV_mean,HV_std,IGD_mean,IGD_std,EPS_ADD_mean,EPS_ADD_std,n_runs
montage/chameleon-cloud,montage/chameleon-cloud,montage-chameleon-2mass-05d-001,medium,ECDS,ecds_ref,9.6,0.547722557505166,0.10066822762500002,0.011146092897695966,0.3553603948970686,0.022937680293154492,0.7488963130667302,0.022557668119663265,5
montage/chameleon-cloud,montage/chameleon-cloud,montage-chameleon-2mass-05d-001,medium,MOHEFT,low,9.6,0.5477225575051662,0.3791893297500001,0.03984756155318854,0.20138519412724687,0.02003261609220699,0.39430013067965863,0.06438814130288949,5
montage/chameleon-cloud,montage/chameleon-cloud,montage-chameleon-2mass-05d-001,medium,MOHEFT,medium,9.6,0.5477225575051662,0.3459914230500001,0.02460209632610309,0.23319187842654468,0.020127375660673318,0.43561513175475286,0.023435069708586755,5
montage/chameleon-cloud,montage/chameleon-cloud,montage-chameleon-2mass-05d-001,medium,MOHEFT,high,9.6,0.5477225575051662,0.23087811915000006,0.02152918861839656,0.2824694260075108,0.030475419571920327,0.5867714025558816,0.034952620867402875,5
epigenomics/chameleon-cloud,epigenomics/chameleon-cloud,epigenomics-chameleon-hep-1seq-100k-001,medium,ECDS,ecds_ref,9.6,0.8944271909999159,0.19901726932500002,0.1578675237136083,0.06927798135588746,0.033926020935476746,0.05992464846467823,0.06187340242047318,5
epigenomics/chameleon-cloud,epigenomics/chameleon-cloud,epigenomics-chameleon-hep-1seq-100k-001,medium,MOHEFT,low,7.6,3.361547262794322,0.004852300950000001,0.0017398816074343352,0.46806959908903545,0.19947189559635842,0.9962900217520184,0.0013845800212452545,5
epigenomics/chameleon-cloud,epigenomics/chameleon-cloud,epigenomics-chameleon-hep-1seq-100k-001,medium,MOHEFT,medium,8.2,1.7888543819998317,0.005202366750000001,0.001834488487252708,0.46572758379833673,0.19748279112860143,0.9926342570580241,0.0031699168088461676,5
epigenomics/chameleon-cloud,epigenomics/chameleon-cloud,epigenomics-chameleon-hep-1seq-100k-001,medium,MOHEFT,high,9.0,1.4142135623730951,0.005571880650000001,0.001746391056866957,0.4647250856739181,0.19769558208479823,0.9913348742230991,0.0025909166416465982,5
